Station,Fee,Category,Partner,Network,Total,Special Fee,Notes
2BR FM (Burnley) ,40,Local & Regional,,ILR FM,,,
107.3 Abbey FM,40,Local & Regional,,ILR FM,,,
Absolute Radio 105.8 FM (London) (Prev. Virgin),55,Local & Regional,,ILR FM,,,
96.3 FM Radio Aire / ,40,Local & Regional,Magic 828 AM (Leeds),ILR FM,,60,
Alpha 103.2 FM,40,Local & Regional,,ILR FM,,,
Andover 106.4 FM,40,Local & Regional,,ILR FM,,,
"Argyll FM (Kintyre, Islay & Jura) ",40,Local & Regional,,ILR FM,,,
107.8 Arrow FM (Hastings) ,40,Local & Regional,,ILR FM,,,
Asian Sound Radio AM,40,Local & Regional,,ILR AM,,,
Ashbourne 96.7 FM (Derby),40,Local & Regional,,ILR FM,,,
Atlantic FM (Cornwall),40,Local & Regional,,ILR FM,,,
Bath FM ,40,Local & Regional,,ILR FM,,,
The Bay FM,40,Local & Regional,,ILR FM,,,
107.4 BCRFM (Bridgwater) ,40,Local & Regional,,ILR FM,,,
103.4 FM The Beach ,40,Local & Regional,,ILR FM,,,
Beacon 97.2 FM & 103.12/ ,40,Local & Regional,Gold (Wolverhampton / Shrewsbury / Telford),ILR FM,,60,
The Bear 102 FM ,40,Local & Regional,,ILR FM,,,
Beat 106 FM ,40,Local & Regional,,ILR FM,,,
107 The Bee (Blackburn) ,40,Local & Regional,,ILR FM,,,
Radio Borders FM,40,Local & Regional,,ILR FM,,,
106.3 Bridge FM (Bridgend) ,40,Local & Regional,,ILR FM,,,
Bright 106.4 FM (Haywards Heath & Burgess Hill) ,40,Local & Regional,,ILR FM,,,
96.4 FM BRMB/ ,50,Local & Regional,Gold 1152 AM (Birmingham),ILR FM,,75,
Brunel FM (Swindon),40,Local & Regional,,ILR FM,,,
95.8 Capital FM (Greater London)/ ,55,Local & Regional,Gold 1548 55 AM (London),ILR FM,,82.5,
97.1 Radio Carmarthenshire FM,40,Local & Regional,,ILR FM,,,
Q97.2 FM Causeway Coast Radio (Coleraine) ,40,Local & Regional,,ILR FM,,,
Central 103 FM ,40,Local & Regional,,ILR FM,,,
Central Radio 106.5 FM,40,Local & Regional,,ILR FM,,,
Centre FM (Staffs) ,40,Local & Regional,,ILR FM,,,
Century 100-102 FM (The North East) (Now Real Radio North East),40,Local & Regional,,ILR FM,,,
Century 105.4 FM (The North West) (Now Real Radio North West),40,Local & Regional,,ILR FM,,,
Century 106 FM (East Midlands) ,50,Local & Regional,,ILR FM,,,
Radio Ceredigion FM,40,Local & Regional,,ILR FM,,,
CFM Radio,40,Local & Regional,,ILR FM,,,
Channel 103 FM ,40,Local & Regional,,ILR FM,,,
Chester's Dee 106.3 (prev. Chester FM) ,40,Local & Regional,,ILR FM,,,
Choice FM (107.1 & 96.9) (London) ,55,Local & Regional,,ILR FM,Total Choice,,
City Beat 96.7 - 102.5 FM,40,Local & Regional,,ILR FM,,,
CityTalk 105.9 FM (Liverpool),50,Local & Regional,,ILR FM,,,
Classic Hits 954 & 1530 AM (Hereford & Worcester) ,40,Local & Regional,,ILR AM,,,
Club Asia 963 & 972 AM (prev. Liberty Radio) ,55,Local & Regional,,ILR AM,,,
Clyde 1 102.5 FM/ ,50,Local & Regional,Clyde 2 AM,ILR FM,,75,
Clyde 2 AM,50,Local & Regional,Clyde 1 102.5 FM/ ,ILR AM,,75,
The Coast (prev Original 106 FM),40,Local & Regional,,ILR FM,,,
Compass FM ,40,Local & Regional,,ILR FM,,,
Connect FM ,40,Local & Regional,,ILR FM,,,
Cool FM ,40,Local & Regional,,ILR FM,,,
County Sound Radio 1566 AM (Guildford) ,40,Local & Regional,96.4 FM The Eagle/ ,ILR AM,,60,
Crown FM ,40,Local & Regional,,ILR FM,,,
CTR 105.6 FM (Maidstone) ,40,Local & Regional,,ILR FM,,,
Cuillin FM ,40,Local & Regional,,ILR FM,,,
Dearne FM (Barnsley) ,40,Local & Regional,,ILR FM,,,
Delta FM ,40,Local & Regional,,ILR FM,,,
Derby?s RAM FM/ ,40,Local & Regional,Gold (Nottinghamshire & Derby),ILR FM,,60,
Downtown Radio (DTR) FM,40,Local & Regional,,ILR FM,,,
Dream 100 FM (Colchester) ,40,Local & Regional,,ILR FM,,,
Dream 107.7 FM (Chelmsford) ,40,Local & Regional,,ILR FM,,,
Dune 107.9 FM ,40,Local & Regional,,ILR FM,,,
Dunedin FM (Edinburgh) ,40,Local & Regional,,ILR FM,,,
Durham FM,40,Local & Regional,,ILR FM,,,
96.4 FM The Eagle/ ,40,Local & Regional,County Sound Radio 1566 AM (Guildford) ,ILR FM,,60,
107 the edge (prev Clan FM) ,40,Local & Regional,,ILR FM,,,
Energy 98.6 FM (Douglas) ,40,Local & Regional,,ILR FM,,,
Exeter FM,40,Local & Regional,,ILR FM,,,
Fen Radio 107.5 FM (Wisbech) (prev. Star 107.1),40,Local & Regional,,ILR FM,,,
Fire Radio 107.6 FM ,40,Local & Regional,,ILR FM,,,
Five FM (Newry & surrounding areas),40,Local & Regional,,ILR FM,,,
Forth One 97.3 FM,40,Local & Regional,Forth 2 1548 AM,ILR FM,,60,
Forth 2 1548 AM,40,Local & Regional,Forth One 97.3 FM,ILR AM,,60,
Fresh Radio AM,40,Local & Regional,,ILR AM,,,
Galaxy 102.2 FM (Birmingham) ,50,Local & Regional,,ILR FM,Total GalaXY,,
Galaxy 102 FM (Manchester) ,50,Local & Regional,,ILR FM,Total GalaXY,,
Galaxy 105-106 FM (North East) ,50,Local & Regional,,ILR FM,Total GalaXY,,
Galaxy FM (Scotland) (Prev. XFM) ,40,Local & Regional,,ILR FM,Total GalaXY,,
Galaxy (South Coast) (Prev. Power FM) ,40,Local & Regional,Gold (Wolverhampton / Shrewsbury / Telford),ILR FM,Total GalaXY,60,
Galaxy 105 FM (Yorks) ,50,Local & Regional,,ILR FM,Total GalaXY,,
Gold (Bedford) (prev. Classic Gold 792 AM Bedford),40,Local & Regional,Heart 96.9 FM (Bedford) (prev. 96.9 Chiltern FM),ILR AM,Total Gold,60,
Gold (Berkshire),40,Local & Regional,Heart 102.9 and 97.0 FM / (Berkshire) (prev. 2Ten),ILR AM,Total Gold,60,
Gold (Bristol & Bath) (prev Classic Gold Bath),40,Local & Regional,Heart 96.3 FM / (Bristol) (prev. GWR Bristol),ILR AM,Total Gold,60,
Gold 1359 & 1305 AM (Cardiff & Newport) ,40,Local & Regional,Red Dragon FM/ ,ILR AM,Total Gold,60,
Gold 1359 AM (Coventry and Warwickshire) ,40,Local & Regional,,ILR AM,Total Gold,,
Gold (Dorset) (prev. Classic Gold 828 AM Bournemouth),40,Local & Regional,,ILR AM,Total Gold,,
Gold (East Devon and Exeter),40,Local & Regional,Heart 97.0 and 103.0 FM / (East Devon and Exeter) (prev. Gemini Exeter),ILR AM,Total Gold,60,
Gold (East of England) (prev. Gold Luton),40,Local & Regional,Heart 97.6 FM / (Dunstable) (prev. 97.9 Chiltern FM),ILR AM,Total Gold,60,
Gold (Essex) (prev. Classic Gold Breeze 1359/1431 AM),40,Local & Regional,Heart 96.3 and 102.6 FM / (Essex) (prev Essex FM),ILR AM,Total Gold,60,
Gold (Gloucestershire) (prev. Classic Gold 774 AM),40,Local & Regional,Heart 102.4 FM / (Gloucestershire) (prev. Severn Sound),ILR AM,Total Gold,60,
Gold (Hampshire) (prev. Capital Gold 1170 & 1557 AM S.Hants),40,Local & Regional,Heart 97.5 and 96.7 FM / (Hampshire) (prev. Ocean),ILR AM,Total Gold,60,
Gold (Kent) (prev. Capital Gold 1242 & 603 AM),40,Local & Regional,Heart 103.1 and 102.8 FM / (Kent) (prev. Invicta),ILR AM,Total Gold,60,
Gold 1548 55 AM (London),55,Local & Regional,95.8 Capital FM (Greater London)/ ,ILR AM,Total Gold,82.5,
Gold 1458 AM (Manchester) ,50,Local & Regional,,ILR AM,Total Gold,,
Gold (Norfolk) (prev. Classic Gold Amber 1152 AM Norwich),40,Local & Regional,Heart 102.4 FM / (Norfolk and Suffolk) (prev. Radio Broadland),ILR AM,Total Gold,60,
Gold (Northamptonshire) (prev. Classic Gold 1557 AM),40,Local & Regional,Heart 96.6 FM / (Northamptonshire) (prev. Northants 96),ILR AM,Total Gold,60,
Gold (Nottinghamshire & Derby),40,Local & Regional,96 Trent FM/ ,ILR AM,Total Gold,60,
Gold (Peterborough) (prev. Classic Gold 1332 AM Peterborough),40,Local & Regional,Heart 102.7 FM / (Peterborough) (prev. 102.7 FM Hereward),ILR AM,Total Gold,60,
Gold (Plymouth) (prev. Classic Gold 1152 AM Plymouth),40,Local & Regional,Heart 97.0 and 96.6 FM / (Plymouth) (prev. Plymouth Sound),ILR AM,Total Gold,60,
Gold 1521 AM (Reigate & Crawley) (prev Breeze 1521AM) ,40,Local & Regional,Mercury 102.7 FM / Watford?s Mercury 96.6 FM ,ILR AM,Total Gold,60,
Gold (Suffolk) (prev. Classic Gold Amber 1170 & 1251 AM),40,Local & Regional,Heart (Suffolk) / (prev. SGR FM),ILR AM,Total Gold,60,
Gold (Sussex) (prev. Capital Gold 1323 & 945 AM),40,Local & Regional,Heart 102.4 and 103.5 FM / (Sussex) (prev. Southern),ILR AM,Total Gold,60,
Gold (Wiltshire) (prev. Classic Gold Swindon & West Wilts),40,Local & Regional,Heart 97.2 and 102.2 FM / (Wiltshire) (prev. GWR Wiltshire),ILR AM,Total Gold,60,
Gold (Wolverhampton / Shrewsbury / Telford),40,Local & Regional,Galaxy (South Coast) (Prev. Power FM) ,ILR AM,Total Gold,,
Gold (Wrexham),40,Local & Regional,Heart 103.4 FM (Cheshire and North East Wales) (prev. Marcher),ILR AM,Total Gold,60,
Hallam FM/ ,40,Local & Regional,Magic AM (S. Yorks) ,ILR FM,,,
Radio Hampshire FM,40,Local & Regional,,ILR FM,,,
Heart 103 FM (Anglesey) (prev. Champion),40,Local & Regional,,ILR FM,Total Heart,,
Heart 103 FM / (Bath) (prev. GWR Bath),40,Local & Regional,,ILR FM,Total Heart,,
Heart 96.9 FM (Bedford) (prev. 96.9 Chiltern FM),40,Local & Regional,Gold (Bedford) (prev. Classic Gold 792 AM Bedford),ILR FM,Total Heart,60,
Heart 102.9 and 97.0 FM / (Berkshire) (prev. 2Ten),40,Local & Regional,Gold (Berkshire),ILR FM,Total Heart,60,
Heart 96.3 FM / (Bristol) (prev. GWR Bristol),40,Local & Regional,Gold (Bristol & Bath) (prev Classic Gold Bath),ILR FM,Total Heart,60,
Heart 103 FM (Cambridge) (prev. Q103 FM),40,Local & Regional,,ILR FM,Total Heart,,
Heart 103.4 FM (Cheshire and North East Wales) (prev. Marcher),40,Local & Regional,Gold (Wrexham),ILR FM,Total Heart,60,
Heart 96.1 (Colchester) (prev. SGR Colchester),40,Local & Regional,,ILR FM,Total Heart,,
Heart 102.3 FM / (Dorset) (prev. 2CR),40,Local & Regional,Gold (Dorset) (prev. Classic Gold 828 AM Bournemouth),ILR FM,Total Heart,60,
Heart 97.6 FM / (Dunstable) (prev. 97.9 Chiltern FM),40,Local & Regional,Gold (East of England) (prev Gold Luton),ILR FM,Total Heart,60,
Heart 97.0 and 103.0 FM / (East Devon and Exeter) (prev. Gemini Exeter),40,Local & Regional,Gold (East Devon and Exeter),ILR FM,Total Heart,60,
Heart 106 FM (East Midlands),50,Local & Regional,,ILR FM,Total Heart,,
Heart 96.3 and 102.6 FM / (Essex) (prev Essex FM),40,Local & Regional,Gold (Essex) (prev. Classic Gold Breeze 1359/1431 AM),ILR FM,Total Heart,60,
Heart 102.4 FM / (Gloucestershire) (prev. Severn Sound),40,Local & Regional,Gold (Gloucestershire) (prev. Classic Gold 774 AM),ILR FM,Total Heart,60,
Heart 97.5 and 96.7 FM / (Hampshire) (prev. Ocean),40,Local & Regional,Gold (Hampshire) (prev. Capital Gold 1170 & 1557 AM S.Hants),ILR FM,Total Heart,60,
Heart 103.1 and 102.8 FM / (Kent) (prev. Invicta),40,Local & Regional,Gold (Kent) (prev. Capital Gold 1242 & 603 AM),ILR FM,Total Heart,60,
Heart FM 106.2 (London) ,55,Local & Regional,,ILR FM,Total Heart,,
Heart 103.3 FM (Milton Keynes) (Prev Horizon Radio),40,Local & Regional,,ILR FM,Total Heart,,
Heart 102.4 FM / (Norfolk and Suffolk) (prev. Radio Broadland),40,Local & Regional,Gold (Norfolk) (prev. Classic Gold Amber 1152 AM Norwich),ILR FM,Total Heart,60,
Heart 96.6 FM / (Northamptonshire) (prev. Northants 96),40,Local & Regional,Gold (Northamptonshire) (prev. Classic Gold 1557 AM),ILR FM,Total Heart,60,
Heart 96.2 and 97.3 FM (North Devon) (prev. Lantern),40,Local & Regional,,ILR FM,Total Heart,,
Heart 96.3 FM (N. Wales Coast) (prev. Coast),40,Local & Regional,,ILR FM,Total Heart,,
Heart 102.6 and 97.4 FM (Oxfordshire) (prev. Fox),40,Local & Regional,,ILR FM,Total Heart,,
Heart 102.7 FM / (Peterborough) (prev. 102.7 FM Hereward),40,Local & Regional,Gold (Peterborough) (prev. Classic Gold 1332 AM Peterborough),ILR FM,Total Heart,60,
Heart 97.0 and 96.6 FM / (Plymouth) (prev. Plymouth Sound),40,Local & Regional,Gold (Plymouth) (prev. Classic Gold 1152 AM Plymouth),ILR FM,Total Heart,60,
Heart 102.6 FM (Somerset) (prev. Orchard),40,Local & Regional,,ILR FM,Total Heart,,
Heart 100 to 102 FM (South Hams) (prev. South Hams),40,Local & Regional,Galaxy (South Coast),ILR FM,Total Heart,60,
Heart (Suffolk) / (prev. SGR FM),40,Local & Regional,Gold (Suffolk) (prev. Classic Gold Amber 1170 & 1251 AM),ILR FM,Total Heart,60,
Heart 102.4 and 103.5 FM / (Sussex) (prev. Southern),40,Local & Regional,Gold (Sussex) (prev. Capital Gold 1323 & 945 AM),ILR FM,Total Heart,60,
Heart 96.4 FM (Torbay) (prev. Gemini Torbay),40,Local & Regional,,ILR FM,Total Heart,,
Heart FM 100.7 (West Midlands) ,50,Local & Regional,,ILR FM,Total Heart,,
Heart 97.2 and 102.2 FM / (Wiltshire) (prev. GWR Wiltshire),40,Local & Regional,Gold (Wiltshire) (prev. Classic Gold Swindon & West Wilts),ILR FM,Total Heart,60,
Heart 97.1 FM (Wirral) (prev. Buzz),40,Local & Regional,,ILR FM,Total Heart,,
Heartland FM ,40,Local & Regional,,ILR FM,,,
Hertbeat FM (Hertford) ,40,Local & Regional,,ILR FM,,,
High Peak Radio FM (Buxton) ,40,Local & Regional,,ILR FM,,,
Home 107.9 FM ,40,Local & Regional,,ILR FM,,,
Imagine FM ,40,Local & Regional,,ILR FM,,,
104.7 Island FM ,40,Local & Regional,,ILR FM,,,
Isle of Wight Radio FM,40,Local & Regional,,ILR FM,,,
Isles FM ,40,Local & Regional,,ILR FM,,,
Ivel FM ,40,Local & Regional,,ILR FM,,,
Jack FM (Oxfordshire),40,Local & Regional,,ILR FM,,,
107.8 FM Radio Jackie (prev. Thames 107.8) ,40,Local & Regional,,ILR FM,,,
Jazz FM 102.2 (London) ,55,Local & Regional,,ILR FM,,,
Juice 107.2 FM (Brighton) ,40,Local & Regional,,ILR FM,,,
Juice 107.6 FM FM(Liverpool) ,40,Local & Regional,,ILR FM,,,
KCFM 99.8 (Kingston-upon-Hull),40,Local & Regional,,ILR FM,,,
KCR 106.7 FM (Knowsley) ,40,Local & Regional,,ILR FM,,,
Kerrang! 105.2 (West Midlands) ,50,Local & Regional,,ILR FM,Total Kerrang,,
107.6 Kestral FM ,40,Local & Regional,,ILR FM,,,
Key 103 FM (Manchester)/ ,50,Local & Regional,Magic 1152 AM (Manchester),ILR FM,,75,
West Berkshire's Kick FM (Newbury) ,40,Local & Regional,,ILR FM,,,
Kiss 105-108 (East of England),50,Local & Regional,,ILR FM,Total Kiss,,
Kiss 100 FM (London) ,55,Local & Regional,,ILR FM,Total Kiss,,
Kiss 101 (Severn Estury),50,Local & Regional,,ILR FM,Total Kiss,,
Kingdom FM ,40,Local & Regional,,ILR FM,,,
Kismat Asian Talk Radio (KATR) (prev Easy Radio London 1035 AM) ,55,Local & Regional,,ILR AM,,,
Kix 96.2 FM ,40,Local & Regional,,ILR FM,,,
KL.FM 96.7 ,40,Local & Regional,,ILR FM,,,
KM-fm Ashford,40,Local & Regional,,ILR FM,,,
"KM-fm Canterbury (Canterbury, Whitstable & Herne Bay) (prev. 106 CTFM Radio) ",40,Local & Regional,,ILR FM,,,
KM-fm for Shepway & Whilte Cliffs Country (Folkestone & Dover) (prev. Neptune Radio) ,40,Local & Regional,,ILR FM,,,
KM-fm Maidstone,40,Local & Regional,,ILR FM,,,
KM-fm Medway (Medway Towns) (prev. Mercury 107.9 FM) ,40,Local & Regional,,ILR FM,,,
KM-fm Thanet (Thanet Sandwich & Deal) (prev. TLR 107.2 FM) ,40,Local & Regional,,ILR FM,,,
KM-fm West Kent (Tunbridge Wells & Sevenoaks) (prev. Mercury 96.2 FM),40,Local & Regional,,ILR FM,,,
Lanarkshire's L 107 FM,40,Local & Regional,,ILR FM,,,
Lakeland Radio FM,40,Local & Regional,,ILR FM,,,
LBC 97.3 FM (prev ITN News Direct 97.3 FM)/,55,Local & Regional,LBC News 1152 AM ,ILR FM,Total LBC,82.5,
LBC News 1152 AM ,55,Local & Regional,LBC 97.3 FM (prev ITN News Direct 97.3 FM)/,ILR AM,Total LBC,82.5,
Leicester Sound FM,40,Local & Regional,,ILR FM,,,
Lincs FM 102.2,40,Local & Regional,,ILR FM,,,
106.8 Lite FM (Peterborough) ,40,Local & Regional,,ILR FM,,,
Lochbroom FM ,40,Local & Regional,,ILR FM,,,
London Greek Radio FM,50,Local & Regional,,ILR FM,,,
London Turkish Radio AM,50,Local & Regional,,ILR AM,,,
Magic 105.4 FM (Greater London),55,Local & Regional,,ILR FM,Total Magic,,
"Magic 1161 AM (Humberside, E Yorks and N. Lincs",40,Local & Regional,96.9 Viking FM/ ,ILR AM,Total Magic,60,
Magic 828 AM (Leeds),40,Local & Regional,,ILR AM,Total Magic,,
Magic 1548 AM (Liverpool) ,50,Local & Regional,Radio City 96.7 FM/ ,ILR AM,Total Magic,75,
Magic 1152 AM (Manchester),50,Local & Regional,Key 103 FM (Manchester)/ ,ILR AM,Total Magic,75,
Magic 999 AM (Preston) ,40,Local & Regional,,ILR AM,Total Magic,60,
Magic AM (S. Yorks) ,40,Local & Regional,Hallam FM/ ,ILR AM,Total Magic,60,
Magic 1170 AM (Teeside) ,40,Local & Regional,,ILR AM,Total Magic,60,
Magic 1152 AM (Tyne & Wear) ,50,Local & Regional,,ILR AM,Total Magic,75,
Radio Maldwyn AM,40,Local & Regional,,ILR AM,,,
Mansfield 103.2 FM,40,Local & Regional,,ILR FM,,,
Manx Radio AM/FM,40,Local & Regional,,ILR FM,,,
Marcher Sound FM/,40,Local & Regional,Gold (Wrexham),ILR FM,,60,
Mercia FM/ ,40,Local & Regional,Gold 1359 AM (Coventry and Warwickshire) ,ILR FM,,60,
Hertfordshire's Mercury 96.6,40,Local & Regional,,ILR FM,,,
Mercury 102.7 FM / Watford?s Mercury 96.6 FM ,40,Local & Regional,Gold 1521 AM (Reigate & Crawley) (prev Breeze 1521AM) ,ILR FM,,60,
Metro Radio FM/ ,50,Local & Regional,,ILR FM,,,
Mid FM (Mid Ulster) ,40,Local & Regional,,ILR FM,,,
Minster FM ,40,Local & Regional,,ILR FM,,,
Minster Northallerton,40,Local & Regional,,ILR FM,,,
Mix 96 FM (Ayelsbury),40,Local & Regional,,ILR FM,,,
Mix 107 (High Wycombe) (prev 107 Swan FM) ,40,Local & Regional,,ILR FM,,,
Moray Firth Radio 1107 AM,40,Local & Regional,,ILR AM,,,
Nation Radio FM (prev. Xfm South Wales),40,Local & Regional,,ILR FM,,,
NECR FM,40,Local & Regional,,ILR FM,,,
Nevis Radio FM,40,Local & Regional,,ILR FM,,,
New Style Radio 98.7 FM,40,Local & Regional,,ILR FM,,,
North Norfolk Radio FM,40,Local & Regional,,ILR FM,,,
NorthSound 1 FM / ,40,Local & Regional,NorthSound 2 AM,ILR FM,,60,
NorthSound 2 AM,40,Local & Regional,NorthSound 1 FM / ,ILR AM,,60,
99.9 FM Radio Norwich,40,Local & Regional,,ILR FM,,,
107 Oak FM ,40,Local & Regional,,ILR FM,,,
Oak FM 107.9 (Hinckley) (prev. Fosseway Radio),40,Local & Regional,,ILR FM,,,
Oban FM ,40,Local & Regional,,ILR FM,,,
Original 106 (Aberdeen),40,Local & Regional,,ILR FM,,,
Original 106.5 (Bristol),40,Local & Regional,,ILR FM,,,
Oxford's FM 107.9,40,Local & Regional,,ILR FM,,,
Passion 107.9 (prev Fusion 107.9 FM) ,40,Local & Regional,,ILR FM,,,
Palm FM 105.5 (Torbay),40,Local & Regional,,ILR FM,,,
Peak 107 FM (Chesterfield),40,Local & Regional,,ILR FM,,,
102.5 FM Radio Pembrokeshire ,40,Local & Regional,,ILR FM,,,
Pennine FM (prev. Huddersfield's Home),40,Local & Regional,,ILR FM,,,
Perth FM,40,Local & Regional,,ILR FM,,,
Pirate FM 102 ,40,Local & Regional,,ILR FM,,,
Premier Christian Radio AM,55,Local & Regional,,ILR AM,,,
Proud FM (Preston),40,Local & Regional,,ILR FM,,,
The Pulse of West Yorkshire FM/ ,40,Local & Regional,Pulse 2 1278 & 1530 AM (prev W.Yorks Classic Gold) ,ILR FM,,60,
Pulse 2 1278 & 1530 AM (prev W.Yorks Classic Gold) ,40,Local & Regional,The Pulse of West Yorkshire FM/ ,ILR AM,,60,
Q101 FM West (Omagh & Enniskillen) ,40,Local & Regional,,ILR FM,,,
Q102 FM (Londonderry) ,40,Local & Regional,,ILR FM,,,
Quay West 107.4 FM (Bridgewater),40,Local & Regional,,ILR FM,,,
Quay West 102.4 FM (West Somerset),40,Local & Regional,,ILR FM,,,
107.4 FM The Quay (Portsmouth) ,40,Local & Regional,,ILR FM,,,
Reading 107 FM ,40,Local & Regional,,ILR FM,,,
Real Radio 100-101 FM (Cent.Scotland) ,50,Local & Regional,,ILR FM,Total Real,,
Real Radio 100-102 (North East) (prev Century Radio 100-102),50,Local & Regional,,ILR FM,Total Real,,
Real Radio FM (North Wales) ,50,Local & Regional,,ILR FM,Total Real,,
Real Radio 105.4 (North West) (prev Century Radio 105.4),50,Local & Regional,,ILR FM,Total Real,,
Real Radio 105-106 FM (South Wales) ,50,Local & Regional,,ILR FM,Total Real,,
Real Radio 106-108 FM (Yorkshire) ,50,Local & Regional,,ILR FM,Total Real,,
Red Dragon FM/ ,40,Local & Regional,Gold 1359 & 1305 AM (Cardiff & Newport) ,ILR FM,,60,
96.2 FM The Revolution ,40,Local & Regional,,ILR FM,,,
Ridings FM ,40,Local & Regional,,ILR FM,,,
River FM (West Lothian) ,40,Local & Regional,,ILR FM,,,
97.4 Rock FM/ ,40,Local & Regional,,ILR FM,,,
96.3 Rock Radio (Paisley) (prev. Q96),40,Local & Regional,,ILR FM,,,
106.1 Rock Radio (Manchester),50,Local & Regional,,ILR FM,,,
Rother FM (Rotherham),40,Local & Regional,,ILR FM,,,
RNA FM (Arbroath/Carnoustie) ,40,Local & Regional,,ILR FM,,,
107.1 Rugby FM ,40,Local & Regional,,ILR FM,,,
Rutland Radio FM,40,Local & Regional,,ILR FM,,,
Sabras Radio FM,40,Local & Regional,,ILR FM,,,
The Saint (prev 107.8 SouthCity FM (Southampton) ,40,Local & Regional,,ILR FM,,,
Saga 106.6 fm (East Midlands) ,50,Local & Regional,,ILR FM,,,
Saga 105.2 fm (Glasgow) ,50,Local & Regional,,ILR FM,,,
Saga 105.7 fm (West Midlands) ,50,Local & Regional,,ILR FM,,,
97.5 Scarlet FM ,40,Local & Regional,,ILR FM,,,
The Severn 106.5 & 107.1 (Shrewsbury & Oswestry),40,Local & Regional,,ILR FM,,,
Severn FM (Ballymena),40,Local & Regional,,ILR FM,,,
SIBC FM,40,Local & Regional,,ILR FM,,,
Signal 1 FM/ ,40,Local & Regional,Signal 2 (prev Signal?s Big 1170 AM) ,ILR FM,,60,
Signal 2 (prev Signal?s Big 1170 AM) ,40,Local & Regional,Signal 1 FM/ ,ILR AM,,60,
106.9 Silk FM ,40,Local & Regional,,ILR FM,,,
Six FM (Mid Ulster),40,Local & Regional,,ILR FM,,,
106.6 Smooth Radio (East Midlands),50,Local & Regional,,ILR FM,Total Smooth,,
105.2 Smooth Radio (Glasgow),50,Local & Regional,,ILR FM,Total Smooth,,
Smooth 102.2 (London),55,Local & Regional,,ILR FM,Total Smooth,,
100.4 Smooth Radio (Manchester),50,Local & Regional,,ILR FM,Total Smooth,,
97.5 and 107.7 Smooth Radio (Northeast),50,Local & Regional,,ILR FM,Total Smooth,,
100.4 Smooth FM (The North West) (prev Jazz FM 100.4) ,50,Local & Regional,,ILR FM,Total Smooth,,
105.7 Smooth Radio (West Midlands),50,Local & Regional,,ILR FM,Total Smooth,,
South London Radio 107.3 FM,40,Local & Regional,,ILR FM,,,
Southend Radio 105.1 FM,40,Local & Regional,,ILR FM,,,
South West Sound FM,40,Local & Regional,,ILR FM,,,
107.5 FM Sovereign Radio ,40,Local & Regional,,ILR FM,,,
Spectrum Radio AM,55,Local & Regional,,ILR AM,,,
Spire FM ,40,Local & Regional,,ILR FM,,,
Spirit FM ,40,Local & Regional,,ILR FM,,,
107.7 Splash FM ,40,Local & Regional,,ILR FM,,,
Star 106.6 FM (Berkshire) ,40,Local & Regional,,ILR FM,Total Star,,
Star 107.2 FM (Bristol) (prev Star 107.3) ,40,Local & Regional,,ILR FM,Total Star,,
Star Radio 107 FM (Cambridge & Ely) (aka Star 107.9/1) ,40,Local & Regional,,ILR FM,Total Star,,
Star 107.5 FM (Cheltenham) ,40,Local & Regional,,ILR FM,Total Star,,
Star 107.9/3 FM (Stroud) (prev Star 107) ,40,Local & Regional,,ILR FM,Total Star,,
Star 107.7 FM (Weston-super-Mare) ,40,Local & Regional,,ILR FM,Total Star,,
97.2 Stray FM ,40,Local & Regional,,ILR FM,,,
103.4 Sun FM ,40,Local & Regional,,ILR FM,,,
Sunshine 855 AM (South Hampshire),40,Local & Regional,,ILR AM,,,
Sunshine 954 AM (Hereford),40,Local & Regional,,ILR AM,,,
Sunshine 106.2 and 107 FM (Monmouthshire),40,Local & Regional,,ILR FM,,,
Sunrise FM (Yorkshire) ,40,Local & Regional,,ILR FM,Total Sunrise,,
Sunrise Radio AM (London) ,55,Local & Regional,,ILR AM,Total Sunrise,,
102.1 Swansea Bay Radio,40,Local & Regional,,ILR FM,,,
talkSPORT AM (London only) ,55,Local & Regional,,ILR AM,,,
Tay FM/ ,40,Local & Regional,Tay AM ,ILR FM,,60,
Tay AM ,40,Local & Regional,Tay FM/ ,ILR AM,,60,
107.4 Telford FM ,40,Local & Regional,,ILR FM,,,
Ten 17 FM,40,Local & Regional,,ILR FM,,,
3FM (Douglas),40,Local & Regional,,ILR FM,,,
96.6 TFM Radio/,40,Local & Regional,,ILR FM,,,
"106.6 Time FM (Maidenhead, Windsor & Slough)",40,Local & Regional,,ILR FM,,,
"106.8 Time FM (Greenwich, Bexley & Dartford)",40,Local & Regional,,ILR FM,,,
107.3 Time FM (Lewisham & Southwark) (prev Fusion Radio 107.3) ,50,Local & Regional,,ILR FM,,,
"107.5 Time FM (Romford, Barking & Dagenham) (prev Soul City 107.5) ",40,Local & Regional,,ILR FM,,,
Tower FM ,40,Local & Regional,,ILR FM,,,
Town 102 FM (Ipswich),40,Local & Regional,,ILR FM,,,
Touch Radio 96.2 FM (Coventry),40,Local & Regional,,ILR FM,,,
Touch Radio 101.6 to 102.4  FM (Tamworth),40,Local & Regional,,ILR FM,,,
Touch Radio 102 FM (Stratford-Upon-Avon),40,Local & Regional,,ILR FM,,,
Touch Radio 107.3 FM (Warwick),40,Local & Regional,,ILR FM,,,
Touch Radio 107.6 FM (Banbury),40,Local & Regional,,ILR FM,,,
107.5 3TR FM (Warminster) ,40,Local & Regional,,ILR FM,,,
Trax FM (Bassetlaw & Doncaster) ,40,Local & Regional,,ILR FM,,,
96 Trent FM/ ,40,Local & Regional,Gold AM (Nottinghamshire & Derby),ILR FM,,60,
Two Lochs Radio (2LR) AM,40,Local & Regional,,ILR AM,,,
U 105 FM,40,Local & Regional,,ILR FM,,,
97.4 Vale FM ,40,Local & Regional,,ILR FM,,,
Valleys Radio AM,40,Local & Regional,,ILR AM,,,
Vibe 101 FM (Severn Estuary) ,40,Local & Regional,,ILR FM,,,
Vibe 105-108 FM (East if England) ,50,Local & Regional,,ILR FM,,,
96.9 Viking FM/ ,40,Local & Regional,"Magic 1161AM (Humberside, E.Yorks & Lincs)",ILR FM,,60,
Virgin 105.8 FM (London only) ,55,Local & Regional,,ILR FM,,,
Swansea Sound AM,40,Local & Regional,96.4 FM The Wave/ ,ILR AM,,60,
Radio Wave 96.5 FM (Blackpool) ,40,Local & Regional,,ILR FM,,,
96.4 FM The Wave/ ,40,Local & Regional,Swansea Sound AM,ILR FM,,60,
Wave 102 FM (Dundee) ,40,Local & Regional,,ILR FM,,,
Wave 105.2 FM (Solent Regional) ,50,Local & Regional,,ILR FM,,,
Waves Radio 101.2 FM (Peterhead) ,40,Local & Regional,,ILR FM,,,
Wessex FM ,40,Local & Regional,,ILR FM,,,
West FM 96.7/ ,40,Local & Regional,West Sound 1035 AM ,ILR FM,,60,
West Sound 1035 AM ,40,Local & Regional,West FM 96.7/ ,ILR AM,,60,
107.2 Win FM (Winchester) ,40,Local & Regional,,ILR FM,,,
"107.2 Wire FM (Warrington, Widnes & Runcorn)",40,Local & Regional,,ILR FM,,,
102.4 Wish FM ,40,Local & Regional,,ILR FM,,,
107.7 FM The Wolf ,40,Local & Regional,,ILR FM,,,
107.2 The Wyre (Kidderminster),40,Local & Regional,,ILR FM,,,
Wyvern FM ,40,Local & Regional,,ILR FM,,,
XFM (London) ,55,Local & Regional,,ILR FM,Total XFM,,
XFM (Manchester),50,Local & Regional,,ILR FM,Total XFM,,
Radio XL 1296 AM ,40,Local & Regional,,ILR AM,,,
Yorkshire Coast Radio FM - Bridlington's Best ,40,Local & Regional,,ILR FM,,,
Yorkshire Coast Radio FM - Scarborough ,40,Local & Regional,,ILR FM,,,
"103 & 106.9 YOURradio (Dumbarton, Helensburgh, Argyll & Bute) (prev Castle Rock FM 103) ",40,Local & Regional,,ILR FM,,,
AA Roadwatch ,750,National and News,,,,,
Absolute Radio (prev. Virgin Radio 1215 AM),450,National and News,,,,,
Absolute Radio (prev. Virgin Radio 1215 AM) Any single macro,150,National and News,,,,,
Bloomberg News Network ,750,National and News,,,,,
Classic FM ,450,National and News,,,,,
Classic FM England & Wales only ,300,National and News,,,,,
Classic FM Scotland & N Ireland only ,300,National and News,,,,,
Classic FM Any single macro,150,National and News,,,,,
Drivetime,1450,National and News,,,,,
Entertainment News ,750,National and News,,,,,
Hit40UK / Big Top 40 (Not to be confused with The Hits),750,National and News,,,,,
Independent Radio News (IRN) ,750,National and News,,,,,
Network Drive - please ask agent for details,,National and News,,,,,
Network News,750,National and News,,,,,
News Link ,750,National and News,,,,,
RTE Radio 1 (prev. TEAMtalk 252 LW) ,400,National and News,,,,,
Sky News ,400,National and News,,,,,
Smash Hits (News Service),750,National and News,,,,,
The Source ,750,National and News,,,,,
talkSPORT ,450,National and News,,,,,
talk SPORT Any single macro region ,150,National and News,,,,,
Trafficlink ,750,National and News,,,,,
96 FM,40,Irish and ROI,,,,,
98 FM,40,Irish and ROI,,,,,
FM 104,40,Irish and ROI,,,,,
4 FM,55,Irish and ROI,,,,,
Beat,40,Irish and ROI,,,,,
Clare,40,Irish and ROI,,,,,
RTE Cork,40,Irish and ROI,,,,,
County Sound,40,Irish and ROI,,,,,
Dublin?s Country,40,Irish and ROI,,,,,
East Coast,40,Irish and ROI,,,,,
Galway Bay,40,Irish and ROI,,,,,
Highland,40,Irish and ROI,,,,,
i102-104,40,Irish and ROI,,,,,
KCLR/Carlow,40,Irish and ROI,,,,,
Kerry,40,Irish and ROI,,,,,
KFM,40,Irish and ROI,,,,,
Limerick,40,Irish and ROI,,,,,
Lite FM,40,Irish and ROI,,,,,
Live 95/Limerich,40,Irish and ROI,,,,,
LMFM,40,Irish and ROI,,,,,
Lyric,55,Irish and ROI,,,,,
Midland 103/Radio 3,40,Irish and ROI,,,,,
Midwest,40,Irish and ROI,,,,,
Northern Sound,40,Irish and ROI,,,,,
Ocean,40,Irish and ROI,,,,,
Q102,40,Irish and ROI,,,,,
Red,40,Irish and ROI,,,,,
Shannonside 104,40,Irish and ROI,,,,,
South East,40,Irish and ROI,,,,,
Spin,40,Irish and ROI,,,,,
Spin 1038,40,Irish and ROI,,,,,
Star 106,40,Irish and ROI,,,,,
Tipp FM,40,Irish and ROI,,,,,
Today FM,55,Irish and ROI,,,,,
WLR,40,Irish and ROI,,,,,
WLR/Waterford,40,Irish and ROI,,,,,
RTE Radio 1 International,400,Irish and ROI,,,,,
RTE Radio 1 Eire Only,100,Irish and ROI,,,,,
RTE 2,100,Irish and ROI,,,,,
Phantom,100,Irish and ROI,,,,,
Absolute 80?s DAB Only,55,DAB Only,,,,,
Absolute Radio Classic Rock (London) DAB Only,55 ,DAB Only,,,,,
Absolute Radio Xtreme (London) DAB Only,55 ,DAB Only,,,,,
Amazing Radio DAB Only,150 ,DAB Only,,,,,
A Plus  (Leicester) DAB Onlyÿÿÿÿÿÿÿÿ,50 ,DAB Only,,,,,
The Arrow (North East) DAB Only,40 ,DAB Only,,,Total The Arrow,,
The Arrow (North West) DAB Only,40 ,DAB Only,,,Total The Arrow,,
The Arrow (South Wales & West) DAB Only,40 ,DAB Only,,,Total The Arrow,,
The Arrow (West MIdlands) DAB Only,40 ,DAB Only,,,Total The Arrow,,
The Arrow (Yorkshire) DAB Only,40 ,DAB Only,,,Total The Arrow,,
AsianFX (West Midlands) DAB Only,40 ,DAB Only,,,,,
BFBS DAB Only,150 ,DAB Only,,,,,
Chill (Birmingham) DAB Only,50 ,DAB Only,,,,,
Chill (Edinburgh) DAB Only,50 ,DAB Only,,,,,
Chill (Glasgow) DAB Only,50 ,DAB Only,,,,,
Chill (London) DAB Only,55 ,DAB Only,,,,,
Choice (Cardiff) DAB Only,50 ,DAB Only,,,Total Choice,,
Choice (North East) DAB Only,40 ,DAB Only,,,Total Choice,,
Choice (North Westl) DAB Only,40 ,DAB Only,,,Total Choice,,
Choice (West Midlands) DAB Only,40 ,DAB Only,,,Total Choice,,
Choice (Yorkshire) DAB Only,40 ,DAB Only,,,Total Choice,,
Colourful Radio (London) DAB Only,55 ,DAB Only,,,,,
Dabbl DAB Only,55,DAB Only,,,,,
Fun (London) DAB Only,55 ,DAB Only,,,,,
Galaxy (Leicester) DAB Only,50 ,DAB Only,,,,,
Galaxy (London) DAB Only,55 ,DAB Only,,,,,
Gaydar (London) DAB Only,55 ,DAB Only,,,,,
Gaydar (West Sussex) DAB Only,40 ,DAB Only,,,,,
Gold (Central Lanarkshire) DAB Only,40 ,DAB Only,,,,,
Gold (Central Scotland) DAB Only,40 ,DAB Only,,,Total Gold,,
Gold (Humberside) DAB Only,40 ,DAB Only,,,Total Gold,,
Gold (Leeds) DAB Only,50 ,DAB Only,,,Total Gold,,
Gold (Leicester) DAB Only,50 ,DAB Only,,,Total Gold,,
Gold (Liverpool) DAB Only,50 ,DAB Only,,,Total Gold,,
Gold (South Yorkshire) DAB Only,40 ,DAB Only,,,Total Gold,,
Gold (Teeside) DAB Only,40 ,DAB Only,,,Total Gold,,
Gold (Tyne & Wear) DAB Only,40 ,DAB Only,,,Total Gold,,
Heart (Central Scotland) DAB Only,40 ,DAB Only,,,Total Heart,,
Heart (North East) DAB Only,40 ,DAB Only,,,Total Heart,,
Heart (North West) DAB Only,40 ,DAB Only,,,Total Heart,,
Heart (South Wales & West) DAB Only,40 ,DAB Only,,,Total Heart,,
Heart (Yorkshire) DAB Only,40 ,DAB Only,,,Total Heart,,
Heat (Ayr) DAB Onlyÿÿÿÿÿÿÿÿÿÿÿÿÿÿÿÿÿÿÿÿÿÿÿÿÿÿÿ,50 ,DAB Only,,,Total Heat,,
Heat (Birmingham) DAB Onlyÿÿÿÿÿÿÿÿÿÿÿÿÿÿÿÿÿÿÿÿÿÿÿÿÿÿÿ,40 ,DAB Only,,,Total Heat,,
Heat (Central Lancs) DAB Onlyÿÿÿÿÿÿÿÿÿÿÿÿÿÿÿÿÿÿÿÿÿÿÿÿÿÿÿ,40 ,DAB Only,,,Total Heat,,
Heat (Dundee/Perth) DAB Onlyÿÿÿÿÿÿÿÿÿÿÿÿÿÿÿÿÿÿÿÿÿÿÿÿÿÿÿ,50 ,DAB Only,,,Total Heat,,
Heat (Edinburgh) DAB Onlyÿÿÿÿÿÿÿÿÿÿÿÿÿÿÿÿÿÿÿÿÿÿÿÿÿÿÿ,50 ,DAB Only,,,Total Heat,,
Heat (Glasgow) DAB Onlyÿÿÿÿÿÿÿÿÿÿÿÿÿÿÿÿÿÿÿÿÿÿÿÿÿÿÿ,50 ,DAB Only,,,Total Heat,,
Heat (Humberside) DAB Onlyÿÿÿÿÿÿÿÿÿÿÿÿÿÿÿÿÿÿÿÿÿÿÿÿÿÿÿ,40 ,DAB Only,,,Total Heat,,
Heat (Inverness) DAB Onlyÿÿÿÿÿÿÿÿÿÿÿÿÿÿÿÿÿÿÿÿÿÿÿÿÿÿÿ,50 ,DAB Only,,,Total Heat,,
Heat (Leeds) DAB Onlyÿÿÿÿÿÿÿÿÿÿÿÿÿÿÿÿÿÿÿÿÿÿÿÿÿÿÿ,50 ,DAB Only,,,Total Heat,,
Heat (Liverpool) DAB Onlyÿÿÿÿÿÿÿÿÿÿÿÿÿÿÿÿÿÿÿÿÿÿÿÿÿÿÿ,50 ,DAB Only,,,Total Heat,,
Heat (London) DAB Onlyÿÿÿÿÿÿÿÿÿÿÿÿÿÿÿÿÿÿÿÿÿÿÿÿÿÿÿ,50 ,DAB Only,,,Total Heat,,
Heat (Manchester) DAB Onlyÿÿÿÿÿÿÿÿÿÿÿÿÿÿÿÿÿÿÿÿÿÿÿÿÿÿÿ,50 ,DAB Only,,,Total Heat,,
Heat (Northern Ireland) DAB Onlyÿÿÿÿÿÿÿÿÿÿÿÿÿÿÿÿÿÿÿÿÿÿÿÿÿÿÿ,40 ,DAB Only,,,Total Heat,,
Heat (South Yorks) DAB Onlyÿÿÿÿÿÿÿÿÿÿÿÿÿÿÿÿÿÿÿÿÿÿÿÿÿÿÿ,40 ,DAB Only,,,Total Heat,,
Heat (Teeside) DAB Onlyÿÿÿÿÿÿÿÿÿÿÿÿÿÿÿÿÿÿÿÿÿÿÿÿÿÿÿ,40 ,DAB Only,,,Total Heat,,
Heat (Tyne & Wear) DAB Onlyÿÿÿÿÿÿÿÿÿÿÿÿÿÿÿÿÿÿÿÿÿÿÿÿÿÿÿ,40 ,DAB Only,,,Total Heat,,
Heat (Bradford and Huddersfield) DAB Onlyÿÿÿÿÿÿÿÿÿÿÿÿÿÿÿÿÿÿÿÿÿÿÿÿÿÿÿ,50 ,DAB Only,,,Total Heat,,
Heat (Stoke on Trent) DAB Onlyÿÿÿÿÿÿÿÿÿÿÿÿÿÿÿÿÿÿÿÿÿÿÿÿÿÿÿ,50 ,DAB Only,,,Total Heat,,
Heat (Swansea) DAB Onlyÿÿÿÿÿÿÿÿÿÿÿÿÿÿÿÿÿÿÿÿÿÿÿÿÿÿÿ,50 ,DAB Only,,,Total Heat,,
The Hits (London only) DAB Only,150 ,DAB Only,,,,,
Jazz FM (Glasgow) DAB Onlyÿÿÿÿÿÿÿÿÿÿ,50 ,DAB Only,,,Total Jazz,,
Jazz FM (London) DAB Onlyÿÿÿÿÿÿÿÿÿÿ,55 ,DAB Only,,,Total Jazz,,
Jazz FM (North West) DAB Onlyÿÿÿÿÿÿÿÿÿÿ,40 ,DAB Only,,,Total Jazz,,
Jazz FM (Wales and West) DAB Onlyÿÿÿÿÿÿÿÿÿÿ,40 ,DAB Only,,,Total Jazz,,
Jazz FM (West Midlands) DAB Onlyÿÿÿÿÿÿÿÿÿÿ,40 ,DAB Only,,,Total Jazz,,
Kerrang (Aberdeen) DAB Only,55,DAB Only,,,Total Kerrang,,
Kerrang (Central Lancs) DAB Only,40,DAB Only,,,Total Kerrang,,
Kerrang (Central Scotland) DAB Only,55,DAB Only,,,Total Kerrang,,
Kerrang (Humberside) DAB Only,40,DAB Only,,,Total Kerrang,,
Kerrang (Leeds) DAB Only,50,DAB Only,,,Total Kerrang,,
Kerrang (Liverpool) DAB Only,50,DAB Only,,,Total Kerrang,,
Kerrang (London) DAB Only,50,DAB Only,,,Total Kerrang,,
Kerrang (Manchester) DAB Only,50,DAB Only,,,Total Kerrang,,
Kerrang (South Yorks) DAB Only,40,DAB Only,,,Total Kerrang,,
Kerrang (Teeside) DAB Only,40,DAB Only,,,Total Kerrang,,
Kerrang (Tyne and Wear) DAB Only,40,DAB Only,,,Total Kerrang,,
Kismat Radio (Bradford and Huddersfield) DAB Only,50,DAB Only,,,,,
Kiss (Bournemouth) DAB Only,50,DAB Only,,,Total Kiss,,
Kiss (Bristol & Bath) DAB Only,50,DAB Only,,,Total Kiss,,
Kiss (Central Lancashire) DAB Only,40,DAB Only,,,Total Kiss,,
Kiss (Coventry) DAB Only,50,DAB Only,,,Total Kiss,,
Kiss (Exeter/Torbay) DAB Only,50,DAB Only,,,Total Kiss,,
Kiss (Humberside) DAB Only,40,DAB Only,,,Total Kiss,,
Kiss (Leeds) DAB Only,50,DAB Only,,,Total Kiss,,
Kiss (Liverpool) DAB Only,50,DAB Only,,,Total Kiss,,
Kiss (Manchester) DAB Only,50,DAB Only,,,Total Kiss,,
Kiss (Plymouth & Cornwall) DAB Only,40,DAB Only,,,Total Kiss,,
Kiss (Reading & Basingstoke) DAB Only,50,DAB Only,,,Total Kiss,,
Kiss (South Yorkshire) DAB Only,40,DAB Only,,,Total Kiss,,
Kiss (Southend/ Chelmsford) DAB Only,50,DAB Only,,,Total Kiss,,
Kiss (Swindon/ West Wiltshire) DAB Only,50,DAB Only,,,Total Kiss,,
Kiss (Teeside) DAB Only,40,DAB Only,,,Total Kiss,,
Kiss (Tyne & Wear) DAB Only,40,DAB Only,,,Total Kiss,,
Kiss (Wolverhampton) DAB Only,40,DAB Only,,,Total Kiss,,
LBC (North East) DAB Only,40,DAB Only,,,Total LBC,,
LBC (North West) DAB Only,40,DAB Only,,,Total LBC,,
LBC (South Wales & West) DAB Only,40,DAB Only,,,Total LBC,,
LBC (West Midlands) DAB Only,40,DAB Only,,,Total LBC,,
LBC (Yorkshire) DAB Only,40,DAB Only,,,Total LBC,,
Magic (Aberdeen) DAB Only,50,DAB Only,,,,,
Magic (Ayr) DAB Only,40,DAB Only,,,,,
Magic (Birmingham) DAB Only,50,DAB Only,,,,,
Magic (Bradford/ Huddersfield) DAB Only,50,DAB Only,,,,,
Magic (Cambridge) DAB Only,50,DAB Only,,,,,
Magic (Dundee/ Perth) DAB Only,50,DAB Only,,,,,
Magic (Edinburgh) DAB Only,50,DAB Only,,,,,
Magic (Glasgow) DAB Only,50,DAB Only,,,,,
Magic (Kent) DAB Only,40,DAB Only,,,,,
Magic (Northern Ireland) DAB Only,40,DAB Only,,,,,
Magic (Norwich) DAB Only,50,DAB Only,,,,,
Magic (Peterborough) DAB Only,50,DAB Only,,,,,
Magic (Stoke on Trent) DAB Only,50,DAB Only,,,,,
Magic (Sussex Coast) DAB Only,40,DAB Only,,,,,
Magic (Swansea) DAB Only,50,DAB Only,,,,,
Masti Radio (Bradford & Huddersfield) DAB Only,50 ,DAB Only,,,,,
NME Radio DAB Only,150 ,DAB Only,,,,,
Our Kind of Music (Bristol & Bath) DAB Only,50 ,DAB Only,,,Total Our Kind of Music,,
Our Kind of Music (Reading & Basingstoke) DAB Only,50 ,DAB Only,,,Total Our Kind of Music,,
Our Kind of Music (Southend & Chelmsford) DAB Only,50 ,DAB Only,,,Total Our Kind of Music,,
Our Kind of Music (Swindon) DAB Only,50 ,DAB Only,,,Total Our Kind of Music,,
Panjab Radio (Bradford & Huddersfield) DAB Only,50 ,DAB Only,,,,,
Panjab Radio (London) DAB Only,55 ,DAB Only,,,,,
Panjab Radio (West Midlands) DAB Only,40 ,DAB Only,,,,,
Passion for the Planet (Bristol & Bath) DAB Only,50 ,DAB Only,,,Total Passion for the Planet,,
Passion for the Planet (Exeter & Torbay) DAB Only,50 ,DAB Only,,,Total Passion for the Planet,,
Passion for the Planet (London) DAB Only,55 ,DAB Only,,,Total Passion for the Planet,,
Passion for the Planet (Peterborough) DAB Only,50 ,DAB Only,,,Total Passion for the Planet,,
Passion for the Planet (Southend & Chelmsford) DAB Only,50 ,DAB Only,,,Total Passion for the Planet,,
Planet Rock DAB Only,150 ,DAB Only,,,,,
Polish Radio London DAB Only,55 ,DAB Only,,,,,
Punjabi Radio (Coventry) DAB Only,50 ,DAB Only,,,,,
Punjabi Radio (London) DAB Only,55 ,DAB Only,,,,,
Punjabi Radio (Wolverhampton) DAB Only,50 ,DAB Only,,,,,
Q Radio (London) DAB Only,55 ,DAB Only,,,,,
Rainbow Radio (London) DAB Only,55 ,DAB Only,,,,,
Rock Radio (Edinburgh) Dab Only,50 ,DAB Only,,,,,
Rock Radio (North East/ Manchester) Dab Only,50 ,DAB Only,,,,,
Smash Hits (London only) DAB Only,150 ,DAB Only,,,,,
Smooth Radio (Yorkshire) DAB Only,40,DAB Only,,,Total Smooth,,
Sout-al-Khaleej (Voice of the Gulf) DAB Only,55,DAB Only,,,,,
Sunrise (Birmingham) DAB Only,50,DAB Only,,,Total Sunrise,,
Sunrise (Coventry) DAB Only,50,DAB Only,,,Total Sunrise,,
Sunrise (Edinburgh) DAB Only,50,DAB Only,,,Total Sunrise,,
Sunrise (Glasgow) DAB Only,50,DAB Only,,,Total Sunrise,,
Sunrise (Wolverhampton) DAB Only,50,DAB Only,,,Total Sunrise,,
Traffic Radio (Birmingham) DAB Only,50 ,DAB Only,,,Total Traffic Radio,,
Traffic Radio (Bournemouth) DAB Only,50 ,DAB Only,,,Total Traffic Radio,,
Traffic Radio (Bradford & Huddersfield) DAB Only,50 ,DAB Only,,,Total Traffic Radio,,
Traffic Radio (Bristol & Bath) DAB Only,50 ,DAB Only,,,Total Traffic Radio,,
Traffic Radio (Cambridge) DAB Only,50 ,DAB Only,,,Total Traffic Radio,,
Traffic Radio (Central Lancashire) DAB Only,40 ,DAB Only,,,Total Traffic Radio,,
Traffic Radio (Coventry) DAB Only,50 ,DAB Only,,,Total Traffic Radio,,
Traffic Radio (Exeter & Torbay) DAB Only,50 ,DAB Only,,,Total Traffic Radio,,
Traffic Radio (Humberside) DAB Only,40 ,DAB Only,,,Total Traffic Radio,,
Traffic Radio (Kent) DAB Only,40 ,DAB Only,,,Total Traffic Radio,,
Traffic Radio (Leeds) DAB Only,50 ,DAB Only,,,Total Traffic Radio,,
Traffic Radio (Leicester) DAB Only,50 ,DAB Only,,,Total Traffic Radio,,
Traffic Radio (Liverpool) DAB Only,50 ,DAB Only,,,Total Traffic Radio,,
Traffic Radio (London) DAB Only,55 ,DAB Only,,,Total Traffic Radio,,
Traffic Radio (Manchester) DAB Only,50 ,DAB Only,,,Total Traffic Radio,,
Traffic Radio (Nottingham) DAB Only,50 ,DAB Only,,,Total Traffic Radio,,
Traffic Radio (Norwich) DAB Only,50 ,DAB Only,,,Total Traffic Radio,,
Traffic Radio (Peterborough) DAB Only,50 ,DAB Only,,,Total Traffic Radio,,
Traffic Radio (Plymouth & Cornwall) DAB Only,50 ,DAB Only,,,Total Traffic Radio,,
Traffic Radio (Reading & Basingstoke) DAB Only,50 ,DAB Only,,,Total Traffic Radio,,
Traffic Radio (South Hampshire) DAB Only,40 ,DAB Only,,,Total Traffic Radio,,
Traffic Radio (South Yorkshire) DAB Only,40 ,DAB Only,,,Total Traffic Radio,,
Traffic Radio (Southend & Chelmsford) DAB Only,50 ,DAB Only,,,Total Traffic Radio,,
Traffic Radio (Stoke) DAB Only,50 ,DAB Only,,,Total Traffic Radio,,
Traffic Radio (Sussex Coast) DAB Only,40 ,DAB Only,,,Total Traffic Radio,,
Traffic Radio (Swindon & West Wiltshire) DAB Only,50 ,DAB Only,,,Total Traffic Radio,,
Traffic Radio (Teeside) DAB Only,40 ,DAB Only,,,Total Traffic Radio,,
Traffic Radio (Tyne & Wear) DAB Only,40 ,DAB Only,,,Total Traffic Radio,,
Traffic Radio (Wolverhampton) DAB Only,50 ,DAB Only,,,Total Traffic Radio,,
UCB Inspirational (North East) DAB Only ,40 ,DAB Only,,,,,
UCB Inspirational (North West) DAB Only ,40 ,DAB Only,,,,,
UCB Inspirational (West Midlands) DAB Only ,40 ,DAB Only,,,,,
UCB Inspirational (Yorkshire) DAB Only ,40 ,DAB Only,,,,,
UCB Inspirational (Wales & West) DAB Only ,40 ,DAB Only,,,,,
UCB UK (London) DAB Only,55 ,DAB Only,,,,,
UCB UK (North East) DAB Only,40 ,DAB Only,,,,,
UCB UK (North West) DAB Only,40 ,DAB Only,,,,,
UCB UK (Northern Ireland) DAB Only,40 ,DAB Only,,,,,
UCB UK (Stoke on Trent) DAB Only,50 ,DAB Only,,,,,
UCB UK (Wales & West) DAB Only,40 ,DAB Only,,,,,
UCB UK (West Midlands) DAB Only,40 ,DAB Only,,,,,
UCB UK (Yorkshire) DAB Only,40 ,DAB Only,,,,,
XFM Manchester (Central Lancashire) DAB Only,40 ,DAB Only,,,Total XFM,,
XFM Manchester (Leeds) DAB Only,50,DAB Only,,,Total XFM,,
XFM Manchester (Liverpool) DAB Only,50,DAB Only,,,Total XFM,,
XFM Manchester (Manchester) DAB Only,50,DAB Only,,,Total XFM,,
XFM UK (Birmingham) DAB Only,50,DAB Only,,,Total XFM,,
XFM UK (Bournemouth) DAB Only,50,DAB Only,,,Total XFM,,
XFM UK (Cambridge) DAB Only,50,DAB Only,,,Total XFM,,
XFM UK (Central Scotland) DAB Only,40,DAB Only,,,Total XFM,,
XFM UK (Coventry) DAB Only,50,DAB Only,,,Total XFM,,
XFM UK (Exeter & Torbay) DAB Only,50,DAB Only,,,Total XFM,,
XFM UK (Humberside) DAB Only,40,DAB Only,,,Total XFM,,
XFM UK (Leicester) DAB Only,50,DAB Only,,,Total XFM,,
XFM UK (Norwich) DAB Only,50,DAB Only,,,Total XFM,,
XFM UK (Nottingham) DAB Only,50,DAB Only,,,Total XFM,,
XFM UK (Peterborough) DAB Only,50,DAB Only,,,Total XFM,,
XFM UK (Plymouth & Cornwall) DAB Only,50,DAB Only,,,Total XFM,,
XFM UK (Reading & Basingstoke) DAB Only,50,DAB Only,,,Total XFM,,
XFM UK (Southend & Chelmsford) DAB Only,50,DAB Only,,,Total XFM,,
XFM UK (South Hampshire) DAB Only,40,DAB Only,,,Total XFM,,
XFM UK (South Wales) DAB Only,40,DAB Only,,,Total XFM,,
XFM UK (South Yorkshire) DAB Only,40,DAB Only,,,Total XFM,,
XFM UK (Swindon & W Wiltshire) DAB Only,50,DAB Only,,,Total XFM,,
XFM UK (Teeside) DAB Only,40,DAB Only,,,Total XFM,,
XFM UK (Tyne & Wear) DAB Only,40,DAB Only,,,Total XFM,,
XFM UK (West Sussex) DAB Only,40,DAB Only,,,Total XFM,,
XFM UK (Wolverhampton) DAB Only,50,DAB Only,,,Total XFM,,
Yorkshire Radio DAB Only,50 ,DAB Only,,,,,
